date,t,msaname,msa,population,deaths,cases,deathper100k,caseper100k
05mar2020,0,"CHICAGO, IL",1600,8429599,0,5,0,.059314802
06mar2020,1,"CHICAGO, IL",1600,8429599,0,5,0,.059314802
07mar2020,2,"CHICAGO, IL",1600,8429599,0,6,0,.071177766
08mar2020,3,"CHICAGO, IL",1600,8429599,0,7,0,.083040722
09mar2020,4,"CHICAGO, IL",1600,8429599,0,7,0,.083040722
10mar2020,5,"CHICAGO, IL",1600,8429599,0,12,0,.14235553
11mar2020,6,"CHICAGO, IL",1600,8429599,0,25,0,.29657403
12mar2020,7,"CHICAGO, IL",1600,8429599,0,32,0,.37961474
13mar2020,8,"CHICAGO, IL",1600,8429599,0,46,0,.5456962
14mar2020,9,"CHICAGO, IL",1600,8429599,0,59,0,.69991469
15mar2020,10,"CHICAGO, IL",1600,8429599,0,59,0,.69991469
16mar2020,11,"CHICAGO, IL",1600,8429599,0,74,0,.87785906
17mar2020,12,"CHICAGO, IL",1600,8429599,1,147,.011862961,1.7438552
18mar2020,13,"CHICAGO, IL",1600,8429599,1,254,.011862961,3.0131919
19mar2020,14,"CHICAGO, IL",1600,8429599,3,391,.035588883,4.6384177
20mar2020,15,"CHICAGO, IL",1600,8429599,3,391,.035588883,4.6384177
21mar2020,16,"CHICAGO, IL",1600,8429599,4,709,.047451843,8.4108391
22mar2020,17,"CHICAGO, IL",1600,8429599,5,1003,.059314802,11.898549
23mar2020,18,"CHICAGO, IL",1600,8429599,10,1171,.1186296,13.891527
24mar2020,19,"CHICAGO, IL",1600,8429599,10,1478,.1186296,17.533455
25mar2020,20,"CHICAGO, IL",1600,8429599,17,1791,.20167033,21.246563
26mar2020,21,"CHICAGO, IL",1600,8429599,24,1791,.28471106,21.246563
27mar2020,22,"CHICAGO, IL",1600,8429599,32,2900,.37961474,34.402584
28mar2020,23,"CHICAGO, IL",1600,8429599,45,3331,.53383321,39.515522
29mar2020,24,"CHICAGO, IL",1600,8429599,61,4368,.72364056,51.817413
30mar2020,25,"CHICAGO, IL",1600,8429599,68,4796,.80668133,56.89476
31mar2020,26,"CHICAGO, IL",1600,8429599,92,5679,1.0913924,67.369751
01apr2020,27,"CHICAGO, IL",1600,8429599,131,6581,1.5540478,78.070145
02apr2020,28,"CHICAGO, IL",1600,8429599,151,7218,1.7913071,85.626846
03apr2020,29,"CHICAGO, IL",1600,8429599,194,7989,2.3014143,94.773193
04apr2020,30,"CHICAGO, IL",1600,8429599,226,9670,2.6810291,114.71483
05apr2020,31,"CHICAGO, IL",1600,8429599,254,10482,3.0131919,124.34755
06apr2020,32,"CHICAGO, IL",1600,8429599,285,11388,3.3809438,135.0954
07apr2020,33,"CHICAGO, IL",1600,8429599,349,12539,4.1401734,148.74966
08apr2020,34,"CHICAGO, IL",1600,8429599,426,13905,5.0536213,164.95447
09apr2020,35,"CHICAGO, IL",1600,8429599,487,15094,5.7772617,179.05952
10apr2020,36,"CHICAGO, IL",1600,8429599,552,16424,6.5483541,194.83727
11apr2020,37,"CHICAGO, IL",1600,8429599,627,17621,7.438076,209.03723
12apr2020,38,"CHICAGO, IL",1600,8429599,668,19163,7.9244576,227.32991
13apr2020,39,"CHICAGO, IL",1600,8429599,740,20276,8.7785912,240.53339
14apr2020,40,"CHICAGO, IL",1600,8429599,807,21425,9.5734091,254.16393
15apr2020,41,"CHICAGO, IL",1600,8429599,876,22679,10.391953,269.04007
16apr2020,42,"CHICAGO, IL",1600,8429599,989,23699,11.732468,281.14029
17apr2020,43,"CHICAGO, IL",1600,8429599,1041,25398,12.349342,301.29547
18apr2020,44,"CHICAGO, IL",1600,8429599,1160,26770,13.761034,317.57144
19apr2020,45,"CHICAGO, IL",1600,8429599,1188,27852,14.093197,330.40717
20apr2020,46,"CHICAGO, IL",1600,8429599,1240,28897,14.710071,342.80396
21apr2020,47,"CHICAGO, IL",1600,8429599,1348,30266,15.991271,359.04437
22apr2020,48,"CHICAGO, IL",1600,8429599,1437,32012,17.047073,379.75708
23apr2020,49,"CHICAGO, IL",1600,8429599,1549,33736,18.375727,400.20883
24apr2020,50,"CHICAGO, IL",1600,8429599,1646,36173,19.526432,429.11887
25apr2020,51,"CHICAGO, IL",1600,8429599,1711,38062,20.297525,451.52802
26apr2020,52,"CHICAGO, IL",1600,8429599,1767,39963,20.961851,474.0795
27apr2020,53,"CHICAGO, IL",1600,8429599,1806,41775,21.424507,495.57516
28apr2020,54,"CHICAGO, IL",1600,8429599,1941,43726,23.026007,518.71979
29apr2020,55,"CHICAGO, IL",1600,8429599,2019,45756,23.951317,542.80164
30apr2020,56,"CHICAGO, IL",1600,8429599,2148,48008,25.48164,569.51703
01may2020,57,"CHICAGO, IL",1600,8429599,2241,50931,26.584894,604.19244
02may2020,58,"CHICAGO, IL",1600,8429599,2334,53217,27.68815,631.31116
03may2020,59,"CHICAGO, IL",1600,8429599,2385,55942,28.293161,663.63776
04may2020,60,"CHICAGO, IL",1600,8429599,2419,58067,28.696501,688.84656
05may2020,61,"CHICAGO, IL",1600,8429599,2572,60003,30.511534,711.81323
06may2020,62,"CHICAGO, IL",1600,8429599,2701,62097,32.041855,736.65424
07may2020,63,"CHICAGO, IL",1600,8429599,2828,64468,33.54845,764.78131
08may2020,64,"CHICAGO, IL",1600,8429599,2944,67094,34.924557,795.93347
09may2020,65,"CHICAGO, IL",1600,8429599,3038,69144,36.039673,820.25256
10may2020,66,"CHICAGO, IL",1600,8429599,3092,70556,36.680275,837.00305
11may2020,67,"CHICAGO, IL",1600,8429599,3141,71704,37.261559,850.6217
12may2020,68,"CHICAGO, IL",1600,8429599,3265,75244,38.732567,892.61658
13may2020,69,"CHICAGO, IL",1600,8429599,3437,76670,40.772995,909.5332
14may2020,70,"CHICAGO, IL",1600,8429599,3565,79588,42.291454,944.14929
15may2020,71,"CHICAGO, IL",1600,8429599,3679,81786,43.643833,970.22406
16may2020,72,"CHICAGO, IL",1600,8429599,3744,83648,44.414925,992.31293
17may2020,73,"CHICAGO, IL",1600,8429599,3786,85137,44.91317,1009.9769
18may2020,74,"CHICAGO, IL",1600,8429599,3839,87238,45.541904,1034.901
19may2020,75,"CHICAGO, IL",1600,8429599,3963,88629,47.012913,1051.4023
20may2020,76,"CHICAGO, IL",1600,8429599,4099,90798,48.626274,1077.1331
21may2020,77,"CHICAGO, IL",1600,8429599,4164,92837,49.397369,1101.3217
22may2020,78,"CHICAGO, IL",1600,8429599,4262,95236,50.559937,1129.7809
23may2020,79,"CHICAGO, IL",1600,8429599,4330,97318,51.366619,1154.4796
24may2020,80,"CHICAGO, IL",1600,8429599,4389,99555,52.066532,1181.0171
25may2020,81,"CHICAGO, IL",1600,8429599,4410,101117,52.315655,1199.547
26may2020,82,"CHICAGO, IL",1600,8429599,4442,102159,52.695271,1211.9082
27may2020,83,"CHICAGO, IL",1600,8429599,4586,103153,54.403538,1223.7
28may2020,84,"CHICAGO, IL",1600,8429599,4674,104377,55.447479,1238.2202
29may2020,85,"CHICAGO, IL",1600,8429599,4748,105785,56.325336,1254.9232
30may2020,86,"CHICAGO, IL",1600,8429599,4799,107063,56.930347,1270.0841
31may2020,87,"CHICAGO, IL",1600,8429599,4851,108231,57.547222,1283.9401
01jun2020,88,"CHICAGO, IL",1600,8429599,4870,109074,57.772617,1293.9406
02jun2020,89,"CHICAGO, IL",1600,8429599,4971,110482,58.970776,1310.6436
03jun2020,90,"CHICAGO, IL",1600,8429599,5049,111281,59.896088,1320.1221
04jun2020,91,"CHICAGO, IL",1600,8429599,5146,112052,61.046795,1329.2684
05jun2020,92,"CHICAGO, IL",1600,8429599,5196,112975,61.639942,1340.218
06jun2020,93,"CHICAGO, IL",1600,8429599,5252,113804,62.304268,1350.0524
07jun2020,94,"CHICAGO, IL",1600,8429599,5292,114553,62.778786,1358.9377
08jun2020,95,"CHICAGO, IL",1600,8429599,5310,115134,62.992321,1365.8301
09jun2020,96,"CHICAGO, IL",1600,8429599,5389,115810,63.929493,1373.8495
10jun2020,97,"CHICAGO, IL",1600,8429599,5449,116324,64.641273,1379.947
11jun2020,98,"CHICAGO, IL",1600,8429599,5526,116921,65.554718,1387.0292
12jun2020,99,"CHICAGO, IL",1600,8429599,5592,117379,66.337677,1392.4624
13jun2020,100,"CHICAGO, IL",1600,8429599,5610,117866,66.551208,1398.2397
14jun2020,101,"CHICAGO, IL",1600,8429599,5629,118383,66.776604,1404.3728
15jun2020,102,"CHICAGO, IL",1600,8429599,5647,118781,66.990135,1409.0944
16jun2020,103,"CHICAGO, IL",1600,8429599,5710,119279,67.737503,1415.0021
17jun2020,104,"CHICAGO, IL",1600,8429599,5780,119751,68.567909,1420.6014
18jun2020,105,"CHICAGO, IL",1600,8429599,5827,120232,69.125473,1426.3075
19jun2020,106,"CHICAGO, IL",1600,8429599,5865,120754,69.576263,1432.4999
20jun2020,107,"CHICAGO, IL",1600,8429599,5906,121261,70.062645,1438.5144
21jun2020,108,"CHICAGO, IL",1600,8429599,5925,121774,70.28804,1444.6001
22jun2020,109,"CHICAGO, IL",1600,8429599,5946,122162,70.537163,1449.203
23jun2020,110,"CHICAGO, IL",1600,8429599,5976,122660,70.893051,1455.1107
24jun2020,111,"CHICAGO, IL",1600,8429599,6027,123185,71.498062,1461.3387
25jun2020,112,"CHICAGO, IL",1600,8429599,6062,123900,71.913269,1469.8208
26jun2020,113,"CHICAGO, IL",1600,8429599,6096,124540,72.316605,1477.4131
27jun2020,114,"CHICAGO, IL",1600,8429599,6115,125052,72.542,1483.4869
28jun2020,115,"CHICAGO, IL",1600,8429599,6127,125533,72.684357,1489.193
29jun2020,116,"CHICAGO, IL",1600,8429599,6140,126084,72.838577,1495.7295
30jun2020,117,"CHICAGO, IL",1600,8429599,6155,126664,73.016525,1502.61
01jul2020,118,"CHICAGO, IL",1600,8429599,6179,127247,73.301231,1509.5261
02jul2020,119,"CHICAGO, IL",1600,8429599,6212,127939,73.692711,1517.7354
03jul2020,120,"CHICAGO, IL",1600,8429599,6225,128534,73.846931,1524.7938
04jul2020,121,"CHICAGO, IL",1600,8429599,6233,129220,73.941833,1532.9318
05jul2020,122,"CHICAGO, IL",1600,8429599,6238,129687,74.001144,1538.4718
06jul2020,123,"CHICAGO, IL",1600,8429599,6241,130106,74.036736,1543.4424
07jul2020,124,"CHICAGO, IL",1600,8429599,6271,130536,74.392624,1548.5435
08jul2020,125,"CHICAGO, IL",1600,8429599,6295,131254,74.677338,1557.061
09jul2020,126,"CHICAGO, IL",1600,8429599,6312,132005,74.879005,1565.9701
10jul2020,127,"CHICAGO, IL",1600,8429599,6333,132889,75.128128,1576.4569
11jul2020,128,"CHICAGO, IL",1600,8429599,6355,133694,75.389114,1586.0066
12jul2020,129,"CHICAGO, IL",1600,8429599,6371,134368,75.578918,1594.0023
13jul2020,130,"CHICAGO, IL",1600,8429599,6376,134933,75.638237,1600.7048
14jul2020,131,"CHICAGO, IL",1600,8429599,6396,135370,75.875496,1605.8889
15jul2020,132,"CHICAGO, IL",1600,8429599,6404,136177,75.970398,1615.4624
16jul2020,133,"CHICAGO, IL",1600,8429599,6419,137001,76.148346,1625.2374
17jul2020,134,"CHICAGO, IL",1600,8429599,6437,137857,76.361877,1635.3921
18jul2020,135,"CHICAGO, IL",1600,8429599,6452,138665,76.539818,1644.9774
19jul2020,136,"CHICAGO, IL",1600,8429599,6456,139285,76.587273,1652.3324
20jul2020,137,"CHICAGO, IL",1600,8429599,6460,139964,76.634727,1660.3875
21jul2020,138,"CHICAGO, IL",1600,8429599,6479,140678,76.860123,1668.8575
22jul2020,139,"CHICAGO, IL",1600,8429599,6496,141770,77.06179,1681.8119
23jul2020,140,"CHICAGO, IL",1600,8429599,6514,142803,77.275322,1694.0664
24jul2020,141,"CHICAGO, IL",1600,8429599,6530,143759,77.465134,1705.4073
25jul2020,142,"CHICAGO, IL",1600,8429599,6538,144641,77.560036,1715.8705
26jul2020,143,"CHICAGO, IL",1600,8429599,6539,145624,77.571899,1727.5317
27jul2020,144,"CHICAGO, IL",1600,8429599,6553,146338,77.737984,1736.002
28jul2020,145,"CHICAGO, IL",1600,8429599,6569,147033,77.927788,1744.2467
29jul2020,146,"CHICAGO, IL",1600,8429599,6578,147893,78.034554,1754.4489
30jul2020,147,"CHICAGO, IL",1600,8429599,6588,149003,78.153183,1767.6167
31jul2020,148,"CHICAGO, IL",1600,8429599,6603,150255,78.331131,1782.4691
01aug2020,149,"CHICAGO, IL",1600,8429599,6610,151289,78.414169,1794.7355
02aug2020,150,"CHICAGO, IL",1600,8429599,6618,152182,78.509071,1805.3291
03aug2020,151,"CHICAGO, IL",1600,8429599,6621,153035,78.544662,1815.4481
04aug2020,152,"CHICAGO, IL",1600,8429599,6630,154007,78.651428,1826.979
05aug2020,153,"CHICAGO, IL",1600,8429599,6646,155112,78.841232,1840.0875
06aug2020,154,"CHICAGO, IL",1600,8429599,6658,156272,78.983589,1853.8485
07aug2020,155,"CHICAGO, IL",1600,8429599,6668,157662,79.102219,1870.3381
08aug2020,156,"CHICAGO, IL",1600,8429599,6676,159025,79.197121,1886.5073
09aug2020,157,"CHICAGO, IL",1600,8429599,6680,159911,79.244576,1897.0178
10aug2020,158,"CHICAGO, IL",1600,8429599,6680,160716,79.244576,1906.5675
11aug2020,159,"CHICAGO, IL",1600,8429599,6690,161702,79.363205,1918.2644
12aug2020,160,"CHICAGO, IL",1600,8429599,6693,162619,79.398796,1929.1428
13aug2020,161,"CHICAGO, IL",1600,8429599,6705,163769,79.541153,1942.7852
14aug2020,162,"CHICAGO, IL",1600,8429599,6716,165131,79.671646,1958.9425
15aug2020,163,"CHICAGO, IL",1600,8429599,6718,166173,79.695366,1971.3037
16aug2020,164,"CHICAGO, IL",1600,8429599,6731,167042,79.849586,1981.6127
17aug2020,165,"CHICAGO, IL",1600,8429599,6733,168250,79.873314,1995.9431
18aug2020,166,"CHICAGO, IL",1600,8429599,6749,169234,80.063118,2007.6162
19aug2020,167,"CHICAGO, IL",1600,8429599,6759,170586,80.181747,2023.655
20aug2020,168,"CHICAGO, IL",1600,8429599,6766,171739,80.264793,2037.333
21aug2020,169,"CHICAGO, IL",1600,8429599,6779,173118,80.419006,2053.6919
22aug2020,170,"CHICAGO, IL",1600,8429599,6791,174506,80.561363,2070.1577
23aug2020,171,"CHICAGO, IL",1600,8429599,6796,175630,80.620682,2083.4917
24aug2020,172,"CHICAGO, IL",1600,8429599,6800,176557,80.668129,2094.4888
25aug2020,173,"CHICAGO, IL",1600,8429599,6812,177503,80.810486,2105.7112
26aug2020,174,"CHICAGO, IL",1600,8429599,6829,178773,81.012154,2120.7771
27aug2020,175,"CHICAGO, IL",1600,8429599,6840,179618,81.142647,2130.8013
28aug2020,176,"CHICAGO, IL",1600,8429599,6848,180988,81.237556,2147.0535
29aug2020,177,"CHICAGO, IL",1600,8429599,6852,181878,81.285004,2157.6116
30aug2020,178,"CHICAGO, IL",1600,8429599,6861,183098,81.391769,2172.0842
31aug2020,179,"CHICAGO, IL",1600,8429599,6866,184044,81.451088,2183.3066
01sep2020,180,"CHICAGO, IL",1600,8429599,6877,184755,81.581581,2191.7412
02sep2020,181,"CHICAGO, IL",1600,8429599,6890,185690,81.735794,2202.8333
03sep2020,182,"CHICAGO, IL",1600,8429599,6901,186355,81.866287,2210.7219
04sep2020,183,"CHICAGO, IL",1600,8429599,6911,188977,81.984917,2241.8267
05sep2020,184,"CHICAGO, IL",1600,8429599,6922,190645,82.11541,2261.614
06sep2020,185,"CHICAGO, IL",1600,8429599,6924,191358,82.139137,2270.0725
07sep2020,186,"CHICAGO, IL",1600,8429599,6928,192177,82.186592,2279.7881
08sep2020,187,"CHICAGO, IL",1600,8429599,6929,192981,82.198456,2289.3259
09sep2020,188,"CHICAGO, IL",1600,8429599,6935,193625,82.26963,2296.9658
10sep2020,189,"CHICAGO, IL",1600,8429599,6944,194566,82.376396,2308.1287
11sep2020,190,"CHICAGO, IL",1600,8429599,6962,195730,82.589928,2321.9373
12sep2020,191,"CHICAGO, IL",1600,8429599,6979,196826,82.791603,2334.939
13sep2020,192,"CHICAGO, IL",1600,8429599,6991,197564,82.93396,2343.6938
14sep2020,193,"CHICAGO, IL",1600,8429599,6992,198331,82.945816,2352.7927
15sep2020,194,"CHICAGO, IL",1600,8429599,6997,199030,83.005135,2361.085
16sep2020,195,"CHICAGO, IL",1600,8429599,7010,200001,83.159355,2372.604
17sep2020,196,"CHICAGO, IL",1600,8429599,7014,201081,83.206802,2385.416
18sep2020,197,"CHICAGO, IL",1600,8429599,7022,202108,83.301712,2397.5991
19sep2020,198,"CHICAGO, IL",1600,8429599,7031,203631,83.408478,2415.6665
20sep2020,199,"CHICAGO, IL",1600,8429599,7037,204422,83.479652,2425.05
21sep2020,200,"CHICAGO, IL",1600,8429599,7042,205231,83.538971,2434.6472
22sep2020,201,"CHICAGO, IL",1600,8429599,7050,206083,83.633873,2444.7544
23sep2020,202,"CHICAGO, IL",1600,8429599,7059,206935,83.740639,2454.8618
24sep2020,203,"CHICAGO, IL",1600,8429599,7072,208238,83.894859,2470.3191
25sep2020,204,"CHICAGO, IL",1600,8429599,7085,209489,84.049072,2485.1597
26sep2020,205,"CHICAGO, IL",1600,8429599,7097,210817,84.191429,2500.9138
27sep2020,206,"CHICAGO, IL",1600,8429599,7105,211663,84.286331,2510.9497
05mar2020,0,"KANSAS CITY, MO-KS",3760,2070000,0,0,0,0
06mar2020,1,"KANSAS CITY, MO-KS",3760,2070000,0,0,0,0
07mar2020,2,"KANSAS CITY, MO-KS",3760,2070000,0,0,0,0
08mar2020,3,"KANSAS CITY, MO-KS",3760,2070000,0,1,0,.048309177
09mar2020,4,"KANSAS CITY, MO-KS",3760,2070000,0,1,0,.048309177
10mar2020,5,"KANSAS CITY, MO-KS",3760,2070000,0,1,0,.048309177
11mar2020,6,"KANSAS CITY, MO-KS",3760,2070000,0,1,0,.048309177
12mar2020,7,"KANSAS CITY, MO-KS",3760,2070000,0,4,0,.19323671
13mar2020,8,"KANSAS CITY, MO-KS",3760,2070000,1,5,.048309177,.2415459
14mar2020,9,"KANSAS CITY, MO-KS",3760,2070000,1,6,.048309177,.28985506
15mar2020,10,"KANSAS CITY, MO-KS",3760,2070000,1,6,.048309177,.28985506
16mar2020,11,"KANSAS CITY, MO-KS",3760,2070000,1,9,.048309177,.43478259
17mar2020,12,"KANSAS CITY, MO-KS",3760,2070000,1,16,.048309177,.77294683
18mar2020,13,"KANSAS CITY, MO-KS",3760,2070000,1,23,.048309177,1.1111112
19mar2020,14,"KANSAS CITY, MO-KS",3760,2070000,1,31,.048309177,1.4975846
20mar2020,15,"KANSAS CITY, MO-KS",3760,2070000,2,50,.096618354,2.4154589
21mar2020,16,"KANSAS CITY, MO-KS",3760,2070000,3,56,.14492753,2.7053139
22mar2020,17,"KANSAS CITY, MO-KS",3760,2070000,3,60,.14492753,2.8985507
23mar2020,18,"KANSAS CITY, MO-KS",3760,2070000,3,73,.14492753,3.5265701
24mar2020,19,"KANSAS CITY, MO-KS",3760,2070000,3,90,.14492753,4.347826
25mar2020,20,"KANSAS CITY, MO-KS",3760,2070000,4,111,.19323671,5.362319
26mar2020,21,"KANSAS CITY, MO-KS",3760,2070000,4,154,.19323671,7.4396133
27mar2020,22,"KANSAS CITY, MO-KS",3760,2070000,5,185,.2415459,8.9371977
28mar2020,23,"KANSAS CITY, MO-KS",3760,2070000,5,216,.2415459,10.434783
29mar2020,24,"KANSAS CITY, MO-KS",3760,2070000,7,254,.33816424,12.270532
30mar2020,25,"KANSAS CITY, MO-KS",3760,2070000,7,289,.33816424,13.961352
31mar2020,26,"KANSAS CITY, MO-KS",3760,2070000,7,354,.33816424,17.10145
01apr2020,27,"KANSAS CITY, MO-KS",3760,2070000,9,398,.43478259,19.227053
02apr2020,28,"KANSAS CITY, MO-KS",3760,2070000,10,455,.4830918,21.980677
03apr2020,29,"KANSAS CITY, MO-KS",3760,2070000,17,501,.82125604,24.202898
04apr2020,30,"KANSAS CITY, MO-KS",3760,2070000,17,575,.82125604,27.777779
05apr2020,31,"KANSAS CITY, MO-KS",3760,2070000,17,594,.82125604,28.695652
06apr2020,32,"KANSAS CITY, MO-KS",3760,2070000,20,679,.9661836,32.801933
07apr2020,33,"KANSAS CITY, MO-KS",3760,2070000,27,707,1.3043479,34.154591
08apr2020,34,"KANSAS CITY, MO-KS",3760,2070000,30,799,1.4492754,38.599033
09apr2020,35,"KANSAS CITY, MO-KS",3760,2070000,32,844,1.5458937,40.772945
10apr2020,36,"KANSAS CITY, MO-KS",3760,2070000,32,888,1.5458937,42.898552
11apr2020,37,"KANSAS CITY, MO-KS",3760,2070000,43,1005,2.0772946,48.550724
12apr2020,38,"KANSAS CITY, MO-KS",3760,2070000,50,1066,2.4154589,51.497585
13apr2020,39,"KANSAS CITY, MO-KS",3760,2070000,54,1089,2.6086957,52.608696
14apr2020,40,"KANSAS CITY, MO-KS",3760,2070000,62,1133,2.9951692,54.734299
15apr2020,41,"KANSAS CITY, MO-KS",3760,2070000,66,1162,3.1884058,56.135265
16apr2020,42,"KANSAS CITY, MO-KS",3760,2070000,73,1234,3.5265701,59.613525
17apr2020,43,"KANSAS CITY, MO-KS",3760,2070000,76,1283,3.6714976,61.980675
18apr2020,44,"KANSAS CITY, MO-KS",3760,2070000,80,1319,3.8647344,63.719807
19apr2020,45,"KANSAS CITY, MO-KS",3760,2070000,87,1333,4.2028985,64.396133
20apr2020,46,"KANSAS CITY, MO-KS",3760,2070000,95,1360,4.5893722,65.700485
21apr2020,47,"KANSAS CITY, MO-KS",3760,2070000,101,1385,4.8792272,66.908211
22apr2020,48,"KANSAS CITY, MO-KS",3760,2070000,105,1461,5.072464,70.579712
23apr2020,49,"KANSAS CITY, MO-KS",3760,2070000,105,1493,5.072464,72.125603
24apr2020,50,"KANSAS CITY, MO-KS",3760,2070000,108,1560,5.2173915,75.36232
25apr2020,51,"KANSAS CITY, MO-KS",3760,2070000,110,1620,5.3140097,78.260872
26apr2020,52,"KANSAS CITY, MO-KS",3760,2070000,112,1651,5.4106278,79.758453
27apr2020,53,"KANSAS CITY, MO-KS",3760,2070000,116,1679,5.6038647,81.111115
28apr2020,54,"KANSAS CITY, MO-KS",3760,2070000,117,1705,5.652174,82.367149
29apr2020,55,"KANSAS CITY, MO-KS",3760,2070000,120,1762,5.7971015,85.120773
30apr2020,56,"KANSAS CITY, MO-KS",3760,2070000,121,1993,5.8454108,96.28019
01may2020,57,"KANSAS CITY, MO-KS",3760,2070000,122,2065,5.8937197,99.758453
02may2020,58,"KANSAS CITY, MO-KS",3760,2070000,123,2162,5.942029,104.44444
03may2020,59,"KANSAS CITY, MO-KS",3760,2070000,124,2354,5.9903383,113.71981
04may2020,60,"KANSAS CITY, MO-KS",3760,2070000,135,2441,6.521739,117.92271
05may2020,61,"KANSAS CITY, MO-KS",3760,2070000,139,2559,6.7149758,123.62319
06may2020,62,"KANSAS CITY, MO-KS",3760,2070000,139,2778,6.7149758,134.2029
07may2020,63,"KANSAS CITY, MO-KS",3760,2070000,139,2964,6.7149758,143.1884
08may2020,64,"KANSAS CITY, MO-KS",3760,2070000,142,3073,6.8599033,148.4541
09may2020,65,"KANSAS CITY, MO-KS",3760,2070000,146,3149,7.0531402,152.12561
10may2020,66,"KANSAS CITY, MO-KS",3760,2070000,146,3209,7.0531402,155.02415
11may2020,67,"KANSAS CITY, MO-KS",3760,2070000,148,3243,7.1497583,156.66667
12may2020,68,"KANSAS CITY, MO-KS",3760,2070000,150,3261,7.246377,157.53622
13may2020,69,"KANSAS CITY, MO-KS",3760,2070000,151,3300,7.2946858,159.42029
14may2020,70,"KANSAS CITY, MO-KS",3760,2070000,152,3327,7.3429952,160.72464
15may2020,71,"KANSAS CITY, MO-KS",3760,2070000,155,3405,7.4879227,164.49275
16may2020,72,"KANSAS CITY, MO-KS",3760,2070000,157,3446,7.5845408,166.47343
17may2020,73,"KANSAS CITY, MO-KS",3760,2070000,157,3465,7.5845408,167.39131
18may2020,74,"KANSAS CITY, MO-KS",3760,2070000,158,3590,7.6328502,173.42995
19may2020,75,"KANSAS CITY, MO-KS",3760,2070000,159,3614,7.6811595,174.58937
20may2020,76,"KANSAS CITY, MO-KS",3760,2070000,161,3652,7.7777777,176.42513
21may2020,77,"KANSAS CITY, MO-KS",3760,2070000,162,3707,7.826087,179.08212
22may2020,78,"KANSAS CITY, MO-KS",3760,2070000,163,3766,7.8743963,181.93237
23may2020,79,"KANSAS CITY, MO-KS",3760,2070000,164,3807,7.9227052,183.91304
24may2020,80,"KANSAS CITY, MO-KS",3760,2070000,164,3860,7.9227052,186.47343
25may2020,81,"KANSAS CITY, MO-KS",3760,2070000,166,3919,8.0193233,189.32367
26may2020,82,"KANSAS CITY, MO-KS",3760,2070000,166,3942,8.0193233,190.43478
27may2020,83,"KANSAS CITY, MO-KS",3760,2070000,168,3964,8.115942,191.49759
28may2020,84,"KANSAS CITY, MO-KS",3760,2070000,170,4051,8.2125607,195.70049
29may2020,85,"KANSAS CITY, MO-KS",3760,2070000,170,4126,8.2125607,199.32367
30may2020,86,"KANSAS CITY, MO-KS",3760,2070000,172,4157,8.3091784,200.82126
31may2020,87,"KANSAS CITY, MO-KS",3760,2070000,172,4186,8.3091784,202.22223
01jun2020,88,"KANSAS CITY, MO-KS",3760,2070000,174,4271,8.405797,206.32851
02jun2020,89,"KANSAS CITY, MO-KS",3760,2070000,180,4330,8.695652,209.17874
03jun2020,90,"KANSAS CITY, MO-KS",3760,2070000,180,4411,8.695652,213.09178
04jun2020,91,"KANSAS CITY, MO-KS",3760,2070000,181,4482,8.7439613,216.52174
05jun2020,92,"KANSAS CITY, MO-KS",3760,2070000,183,4560,8.84058,220.28986
06jun2020,93,"KANSAS CITY, MO-KS",3760,2070000,185,4648,8.9371977,224.54106
07jun2020,94,"KANSAS CITY, MO-KS",3760,2070000,185,4680,8.9371977,226.08696
08jun2020,95,"KANSAS CITY, MO-KS",3760,2070000,187,4742,9.0338163,229.08212
09jun2020,96,"KANSAS CITY, MO-KS",3760,2070000,188,4776,9.0821257,230.72464
10jun2020,97,"KANSAS CITY, MO-KS",3760,2070000,188,4873,9.0821257,235.41063
11jun2020,98,"KANSAS CITY, MO-KS",3760,2070000,188,4944,9.0821257,238.84058
12jun2020,99,"KANSAS CITY, MO-KS",3760,2070000,190,5062,9.1787443,244.54106
13jun2020,100,"KANSAS CITY, MO-KS",3760,2070000,192,5131,9.275362,247.87439
14jun2020,101,"KANSAS CITY, MO-KS",3760,2070000,194,5183,9.3719807,250.38647
15jun2020,102,"KANSAS CITY, MO-KS",3760,2070000,195,5293,9.42029,255.70049
16jun2020,103,"KANSAS CITY, MO-KS",3760,2070000,195,5332,9.42029,257.58453
17jun2020,104,"KANSAS CITY, MO-KS",3760,2070000,197,5436,9.5169086,262.6087
18jun2020,105,"KANSAS CITY, MO-KS",3760,2070000,202,5540,9.7584543,267.63284
19jun2020,106,"KANSAS CITY, MO-KS",3760,2070000,203,5722,9.8067636,276.42511
20jun2020,107,"KANSAS CITY, MO-KS",3760,2070000,214,5813,10.338164,280.82126
21jun2020,108,"KANSAS CITY, MO-KS",3760,2070000,217,5836,10.483091,281.93237
22jun2020,109,"KANSAS CITY, MO-KS",3760,2070000,218,5946,10.531401,287.24637
23jun2020,110,"KANSAS CITY, MO-KS",3760,2070000,221,6034,10.676329,291.49759
24jun2020,111,"KANSAS CITY, MO-KS",3760,2070000,222,6220,10.724638,300.48309
25jun2020,112,"KANSAS CITY, MO-KS",3760,2070000,222,6319,10.724638,305.26569
26jun2020,113,"KANSAS CITY, MO-KS",3760,2070000,225,6511,10.869565,314.54108
27jun2020,114,"KANSAS CITY, MO-KS",3760,2070000,232,6619,11.207729,319.75845
28jun2020,115,"KANSAS CITY, MO-KS",3760,2070000,233,6808,11.256039,328.88889
29jun2020,116,"KANSAS CITY, MO-KS",3760,2070000,236,6966,11.400967,336.52173
30jun2020,117,"KANSAS CITY, MO-KS",3760,2070000,236,7059,11.400967,341.0145
01jul2020,118,"KANSAS CITY, MO-KS",3760,2070000,239,7307,11.545894,352.99518
02jul2020,119,"KANSAS CITY, MO-KS",3760,2070000,242,7364,11.690822,355.74878
03jul2020,120,"KANSAS CITY, MO-KS",3760,2070000,243,7774,11.73913,375.55554
04jul2020,121,"KANSAS CITY, MO-KS",3760,2070000,245,7995,11.835749,386.23187
05jul2020,122,"KANSAS CITY, MO-KS",3760,2070000,246,8139,11.884058,393.18842
06jul2020,123,"KANSAS CITY, MO-KS",3760,2070000,247,8299,11.932367,400.91788
07jul2020,124,"KANSAS CITY, MO-KS",3760,2070000,251,8465,12.125604,408.93719
08jul2020,125,"KANSAS CITY, MO-KS",3760,2070000,252,8746,12.173913,422.51208
09jul2020,126,"KANSAS CITY, MO-KS",3760,2070000,255,9063,12.318841,437.82608
10jul2020,127,"KANSAS CITY, MO-KS",3760,2070000,255,9327,12.318841,450.57971
11jul2020,128,"KANSAS CITY, MO-KS",3760,2070000,256,9563,12.367149,461.98068
12jul2020,129,"KANSAS CITY, MO-KS",3760,2070000,259,9816,12.512077,474.20291
13jul2020,130,"KANSAS CITY, MO-KS",3760,2070000,259,10042,12.512077,485.12076
14jul2020,131,"KANSAS CITY, MO-KS",3760,2070000,261,10193,12.608696,492.41547
15jul2020,132,"KANSAS CITY, MO-KS",3760,2070000,262,10443,12.657004,504.49277
16jul2020,133,"KANSAS CITY, MO-KS",3760,2070000,263,10789,12.705314,521.2077
17jul2020,134,"KANSAS CITY, MO-KS",3760,2070000,263,11140,12.705314,538.16425
18jul2020,135,"KANSAS CITY, MO-KS",3760,2070000,264,11417,12.753623,551.5459
19jul2020,136,"KANSAS CITY, MO-KS",3760,2070000,266,11769,12.850242,568.55072
20jul2020,137,"KANSAS CITY, MO-KS",3760,2070000,266,12007,12.850242,580.04828
21jul2020,138,"KANSAS CITY, MO-KS",3760,2070000,266,12198,12.850242,589.27539
22jul2020,139,"KANSAS CITY, MO-KS",3760,2070000,268,12658,12.94686,611.49756
23jul2020,140,"KANSAS CITY, MO-KS",3760,2070000,275,13017,13.285024,628.84058
24jul2020,141,"KANSAS CITY, MO-KS",3760,2070000,281,13375,13.57488,646.13525
25jul2020,142,"KANSAS CITY, MO-KS",3760,2070000,278,13722,13.57488,662.89856
26jul2020,143,"KANSAS CITY, MO-KS",3760,2070000,280,13913,13.57488,672.12561
27jul2020,144,"KANSAS CITY, MO-KS",3760,2070000,282,14255,13.623188,688.64734
28jul2020,145,"KANSAS CITY, MO-KS",3760,2070000,283,14680,13.671497,709.17877
29jul2020,146,"KANSAS CITY, MO-KS",3760,2070000,286,15175,13.816425,733.0918
30jul2020,147,"KANSAS CITY, MO-KS",3760,2070000,292,15611,14.10628,754.1546
31jul2020,148,"KANSAS CITY, MO-KS",3760,2070000,293,15976,14.15459,771.78741
01aug2020,149,"KANSAS CITY, MO-KS",3760,2070000,299,16216,14.444445,783.38165
02aug2020,150,"KANSAS CITY, MO-KS",3760,2070000,299,16403,14.444445,792.41547
03aug2020,151,"KANSAS CITY, MO-KS",3760,2070000,300,16749,14.492754,809.13043
04aug2020,152,"KANSAS CITY, MO-KS",3760,2070000,300,17090,14.492754,825.60388
05aug2020,153,"KANSAS CITY, MO-KS",3760,2070000,305,17369,14.7343,839.08215
06aug2020,154,"KANSAS CITY, MO-KS",3760,2070000,309,17697,14.927536,854.92755
07aug2020,155,"KANSAS CITY, MO-KS",3760,2070000,314,18008,15.169082,869.95172
08aug2020,156,"KANSAS CITY, MO-KS",3760,2070000,315,18183,15.217391,878.40582
09aug2020,157,"KANSAS CITY, MO-KS",3760,2070000,315,18463,15.217391,891.93237
10aug2020,158,"KANSAS CITY, MO-KS",3760,2070000,317,18710,15.31401,903.86475
11aug2020,159,"KANSAS CITY, MO-KS",3760,2070000,320,18926,15.458938,914.2995
12aug2020,160,"KANSAS CITY, MO-KS",3760,2070000,324,19341,15.652174,934.34784
13aug2020,161,"KANSAS CITY, MO-KS",3760,2070000,330,19651,15.942029,949.32367
14aug2020,162,"KANSAS CITY, MO-KS",3760,2070000,329,19961,15.942029,964.2995
15aug2020,163,"KANSAS CITY, MO-KS",3760,2070000,339,20423,16.376812,986.61835
16aug2020,164,"KANSAS CITY, MO-KS",3760,2070000,339,20479,16.376812,989.32367
17aug2020,165,"KANSAS CITY, MO-KS",3760,2070000,339,20897,16.376812,1009.5169
18aug2020,166,"KANSAS CITY, MO-KS",3760,2070000,341,21106,16.473431,1019.6135
19aug2020,167,"KANSAS CITY, MO-KS",3760,2070000,342,21338,16.52174,1030.8213
20aug2020,168,"KANSAS CITY, MO-KS",3760,2070000,347,21612,16.763285,1044.058
21aug2020,169,"KANSAS CITY, MO-KS",3760,2070000,350,21850,16.908213,1055.5555
22aug2020,170,"KANSAS CITY, MO-KS",3760,2070000,350,22390,16.908213,1081.6425
23aug2020,171,"KANSAS CITY, MO-KS",3760,2070000,350,22572,16.908213,1090.4348
24aug2020,172,"KANSAS CITY, MO-KS",3760,2070000,351,22774,16.956522,1100.1932
25aug2020,173,"KANSAS CITY, MO-KS",3760,2070000,354,22955,17.10145,1108.9373
26aug2020,174,"KANSAS CITY, MO-KS",3760,2070000,362,23333,17.487923,1127.1981
27aug2020,175,"KANSAS CITY, MO-KS",3760,2070000,364,23618,17.584541,1140.9662
28aug2020,176,"KANSAS CITY, MO-KS",3760,2070000,364,23908,17.584541,1154.9758
29aug2020,177,"KANSAS CITY, MO-KS",3760,2070000,367,24244,17.729469,1171.2078
30aug2020,178,"KANSAS CITY, MO-KS",3760,2070000,367,24453,17.729469,1181.3043
31aug2020,179,"KANSAS CITY, MO-KS",3760,2070000,367,24692,17.729469,1192.8502
01sep2020,180,"KANSAS CITY, MO-KS",3760,2070000,370,24931,17.874395,1204.3961
02sep2020,181,"KANSAS CITY, MO-KS",3760,2070000,371,25256,17.922705,1220.0966
03sep2020,182,"KANSAS CITY, MO-KS",3760,2070000,377,25493,18.212561,1231.5459
04sep2020,183,"KANSAS CITY, MO-KS",3760,2070000,381,25778,18.405798,1245.314
05sep2020,184,"KANSAS CITY, MO-KS",3760,2070000,395,26115,19.082125,1261.5942
06sep2020,185,"KANSAS CITY, MO-KS",3760,2070000,395,26341,19.082125,1272.5121
07sep2020,186,"KANSAS CITY, MO-KS",3760,2070000,396,26553,19.130434,1282.7537
08sep2020,187,"KANSAS CITY, MO-KS",3760,2070000,397,26689,19.178743,1289.3237
09sep2020,188,"KANSAS CITY, MO-KS",3760,2070000,403,26928,19.468599,1300.8695
10sep2020,189,"KANSAS CITY, MO-KS",3760,2070000,406,27167,19.613527,1312.4154
11sep2020,190,"KANSAS CITY, MO-KS",3760,2070000,408,27466,19.710144,1326.8599
12sep2020,191,"KANSAS CITY, MO-KS",3760,2070000,416,27786,20.096619,1342.3188
13sep2020,192,"KANSAS CITY, MO-KS",3760,2070000,420,27979,20.289856,1351.6425
14sep2020,193,"KANSAS CITY, MO-KS",3760,2070000,422,28241,20.386473,1364.2996
15sep2020,194,"KANSAS CITY, MO-KS",3760,2070000,429,28512,20.724638,1377.3914
16sep2020,195,"KANSAS CITY, MO-KS",3760,2070000,437,28760,21.111111,1389.3719
17sep2020,196,"KANSAS CITY, MO-KS",3760,2070000,440,29082,21.256039,1404.9275
18sep2020,197,"KANSAS CITY, MO-KS",3760,2070000,444,29507,21.449276,1425.459
19sep2020,198,"KANSAS CITY, MO-KS",3760,2070000,444,29796,21.449276,1439.4203
20sep2020,199,"KANSAS CITY, MO-KS",3760,2070000,444,30019,21.449276,1450.1932
21sep2020,200,"KANSAS CITY, MO-KS",3760,2070000,445,30183,21.497585,1458.116
22sep2020,201,"KANSAS CITY, MO-KS",3760,2070000,450,30324,21.73913,1464.9275
23sep2020,202,"KANSAS CITY, MO-KS",3760,2070000,457,30563,22.077295,1476.4734
24sep2020,203,"KANSAS CITY, MO-KS",3760,2070000,457,30806,22.077295,1488.2125
25sep2020,204,"KANSAS CITY, MO-KS",3760,2070000,457,31220,22.077295,1508.2125
26sep2020,205,"KANSAS CITY, MO-KS",3760,2070000,466,31805,22.512077,1536.4734
27sep2020,206,"KANSAS CITY, MO-KS",3760,2070000,466,31983,22.512077,1545.0725
05mar2020,0,"NEW YORK-NEWARK, NY-NJ-PA",5600,19160373,0,23,0,.12003942
06mar2020,1,"NEW YORK-NEWARK, NY-NJ-PA",5600,19160373,0,26,0,.13569674
07mar2020,2,"NEW YORK-NEWARK, NY-NJ-PA",5600,19160373,0,78,0,.40709019
08mar2020,3,"NEW YORK-NEWARK, NY-NJ-PA",5600,19160373,0,107,0,.55844426
09mar2020,4,"NEW YORK-NEWARK, NY-NJ-PA",5600,19160373,0,140,0,.73067468
10mar2020,5,"NEW YORK-NEWARK, NY-NJ-PA",5600,19160373,1,161,.0052191052,.84027594
11mar2020,6,"NEW YORK-NEWARK, NY-NJ-PA",5600,19160373,2,232,.01043821,1.2108324
12mar2020,7,"NEW YORK-NEWARK, NY-NJ-PA",5600,19160373,2,306,.01043821,1.5970461
13mar2020,8,"NEW YORK-NEWARK, NY-NJ-PA",5600,19160373,2,402,.01043821,2.0980802
14mar2020,9,"NEW YORK-NEWARK, NY-NJ-PA",5600,19160373,5,559,.026095526,2.9174798
15mar2020,10,"NEW YORK-NEWARK, NY-NJ-PA",5600,19160373,11,663,.057410154,3.4602666
16mar2020,11,"NEW YORK-NEWARK, NY-NJ-PA",5600,19160373,21,1040,.10960121,5.4278693
17mar2020,12,"NEW YORK-NEWARK, NY-NJ-PA",5600,19160373,32,1515,.16701137,7.9069443
18mar2020,13,"NEW YORK-NEWARK, NY-NJ-PA",5600,19160373,55,2663,.28705078,13.898477
19mar2020,14,"NEW YORK-NEWARK, NY-NJ-PA",5600,19160373,81,4515,.42274752,23.564259
20mar2020,15,"NEW YORK-NEWARK, NY-NJ-PA",5600,19160373,133,7560,.69414097,39.456436
21mar2020,16,"NEW YORK-NEWARK, NY-NJ-PA",5600,19160373,190,10892,.99162996,56.846493
22mar2020,17,"NEW YORK-NEWARK, NY-NJ-PA",5600,19160373,240,15917,1.2525852,83.072495
23mar2020,18,"NEW YORK-NEWARK, NY-NJ-PA",5600,19160373,327,21993,1.7066474,114.78378
24mar2020,19,"NEW YORK-NEWARK, NY-NJ-PA",5600,19160373,436,27130,2.2755299,141.59431
25mar2020,20,"NEW YORK-NEWARK, NY-NJ-PA",5600,19160373,570,32364,2.97489,168.91112
26mar2020,21,"NEW YORK-NEWARK, NY-NJ-PA",5600,19160373,762,40341,3.976958,210.54391
27mar2020,22,"NEW YORK-NEWARK, NY-NJ-PA",5600,19160373,999,48611,5.2138858,253.70592
28mar2020,23,"NEW YORK-NEWARK, NY-NJ-PA",5600,19160373,1318,57443,6.8787804,299.80106
29mar2020,24,"NEW YORK-NEWARK, NY-NJ-PA",5600,19160373,1680,65792,8.7680969,343.37537
30mar2020,25,"NEW YORK-NEWARK, NY-NJ-PA",5600,19160373,2006,74544,10.469524,389.05298
31mar2020,26,"NEW YORK-NEWARK, NY-NJ-PA",5600,19160373,2318,85442,12.097885,445.93079
01apr2020,27,"NEW YORK-NEWARK, NY-NJ-PA",5600,19160373,3149,95322,16.434961,497.49554
02apr2020,28,"NEW YORK-NEWARK, NY-NJ-PA",5600,19160373,3871,105957,20.203156,553.00073
03apr2020,29,"NEW YORK-NEWARK, NY-NJ-PA",5600,19160373,4541,119550,23.699957,623.94403
04apr2020,30,"NEW YORK-NEWARK, NY-NJ-PA",5600,19160373,5294,134301,27.629942,700.93103
05apr2020,31,"NEW YORK-NEWARK, NY-NJ-PA",5600,19160373,6058,145647,31.617338,760.14697
06apr2020,32,"NEW YORK-NEWARK, NY-NJ-PA",5600,19160373,6932,157058,36.178837,819.70221
07apr2020,33,"NEW YORK-NEWARK, NY-NJ-PA",5600,19160373,8170,168730,42.640087,880.61963
08apr2020,34,"NEW YORK-NEWARK, NY-NJ-PA",5600,19160373,9140,182488,47.702621,952.42407
09apr2020,35,"NEW YORK-NEWARK, NY-NJ-PA",5600,19160373,10156,195907,53.00523,1022.4592
10apr2020,36,"NEW YORK-NEWARK, NY-NJ-PA",5600,19160373,11100,209238,57.932068,1092.0352
11apr2020,37,"NEW YORK-NEWARK, NY-NJ-PA",5600,19160373,12064,220077,62.963284,1148.605
12apr2020,38,"NEW YORK-NEWARK, NY-NJ-PA",5600,19160373,12952,230329,67.597847,1202.1112
13apr2020,39,"NEW YORK-NEWARK, NY-NJ-PA",5600,19160373,13808,238535,72.065399,1244.9392
14apr2020,40,"NEW YORK-NEWARK, NY-NJ-PA",5600,19160373,14837,248517,77.43586,1297.0364
15apr2020,41,"NEW YORK-NEWARK, NY-NJ-PA",5600,19160373,15783,261868,82.373138,1366.7166
16apr2020,42,"NEW YORK-NEWARK, NY-NJ-PA",5600,19160373,16663,274143,86.96595,1430.7811
17apr2020,43,"NEW YORK-NEWARK, NY-NJ-PA",5600,19160373,17334,283464,90.467964,1479.4283
18apr2020,44,"NEW YORK-NEWARK, NY-NJ-PA",5600,19160373,17943,292567,93.6464,1526.9379
19apr2020,45,"NEW YORK-NEWARK, NY-NJ-PA",5600,19160373,18625,301528,97.205833,1573.7063
20apr2020,46,"NEW YORK-NEWARK, NY-NJ-PA",5600,19160373,19593,309316,102.25793,1614.3527
21apr2020,47,"NEW YORK-NEWARK, NY-NJ-PA",5600,19160373,20129,314128,105.05537,1639.467
22apr2020,48,"NEW YORK-NEWARK, NY-NJ-PA",5600,19160373,21115,323472,110.2014,1688.2344
23apr2020,49,"NEW YORK-NEWARK, NY-NJ-PA",5600,19160373,21808,332236,113.81824,1733.9746
24apr2020,50,"NEW YORK-NEWARK, NY-NJ-PA",5600,19160373,22484,341861,117.34636,1784.2085
25apr2020,51,"NEW YORK-NEWARK, NY-NJ-PA",5600,19160373,23069,352947,120.39954,1842.0675
26apr2020,52,"NEW YORK-NEWARK, NY-NJ-PA",5600,19160373,23405,360975,122.15315,1883.9664
27apr2020,53,"NEW YORK-NEWARK, NY-NJ-PA",5600,19160373,23872,365770,124.59048,1908.9921
28apr2020,54,"NEW YORK-NEWARK, NY-NJ-PA",5600,19160373,24528,370410,128.01421,1933.2087
29apr2020,55,"NEW YORK-NEWARK, NY-NJ-PA",5600,19160373,25147,376485,131.24484,1964.9148
30apr2020,56,"NEW YORK-NEWARK, NY-NJ-PA",5600,19160373,25857,382277,134.95039,1995.1438
01may2020,57,"NEW YORK-NEWARK, NY-NJ-PA",5600,19160373,26409,387506,137.83134,2022.4346
02may2020,58,"NEW YORK-NEWARK, NY-NJ-PA",5600,19160373,26839,393311,140.07556,2052.7314
03may2020,59,"NEW YORK-NEWARK, NY-NJ-PA",5600,19160373,27204,398560,141.98053,2080.1265
04may2020,60,"NEW YORK-NEWARK, NY-NJ-PA",5600,19160373,27466,401614,143.34795,2096.0657
05may2020,61,"NEW YORK-NEWARK, NY-NJ-PA",5600,19160373,27953,405218,145.88965,2114.8752
06may2020,62,"NEW YORK-NEWARK, NY-NJ-PA",5600,19160373,28704,408280,149.80919,2130.8562
07may2020,63,"NEW YORK-NEWARK, NY-NJ-PA",5600,19160373,29117,413211,151.96468,2156.5916
08may2020,64,"NEW YORK-NEWARK, NY-NJ-PA",5600,19160373,29411,416864,153.4991,2175.657
09may2020,65,"NEW YORK-NEWARK, NY-NJ-PA",5600,19160373,29680,419968,154.90305,2191.8572
10may2020,66,"NEW YORK-NEWARK, NY-NJ-PA",5600,19160373,29960,422799,156.3644,2206.6323
11may2020,67,"NEW YORK-NEWARK, NY-NJ-PA",5600,19160373,30181,425254,157.51781,2219.4453
12may2020,68,"NEW YORK-NEWARK, NY-NJ-PA",5600,19160373,30466,426799,159.00525,2227.5088
13may2020,69,"NEW YORK-NEWARK, NY-NJ-PA",5600,19160373,30738,428819,160.42485,2238.0515
14may2020,70,"NEW YORK-NEWARK, NY-NJ-PA",5600,19160373,31025,431355,161.92273,2251.2871
15may2020,71,"NEW YORK-NEWARK, NY-NJ-PA",5600,19160373,31358,434889,163.66069,2269.7314
16may2020,72,"NEW YORK-NEWARK, NY-NJ-PA",5600,19160373,31562,437293,164.72539,2282.2781
17may2020,73,"NEW YORK-NEWARK, NY-NJ-PA",5600,19160373,31756,440013,165.7379,2296.4741
18may2020,74,"NEW YORK-NEWARK, NY-NJ-PA",5600,19160373,36262,442201,189.25519,2307.8936
19may2020,75,"NEW YORK-NEWARK, NY-NJ-PA",5600,19160373,36466,443885,190.31989,2316.6824
20may2020,76,"NEW YORK-NEWARK, NY-NJ-PA",5600,19160373,36745,445880,191.77602,2327.0945
21may2020,77,"NEW YORK-NEWARK, NY-NJ-PA",5600,19160373,36919,448011,192.68414,2338.2166
22may2020,78,"NEW YORK-NEWARK, NY-NJ-PA",5600,19160373,37123,449710,193.74884,2347.0837
23may2020,79,"NEW YORK-NEWARK, NY-NJ-PA",5600,19160373,37289,451277,194.6152,2355.262
24may2020,80,"NEW YORK-NEWARK, NY-NJ-PA",5600,19160373,37419,453034,195.29369,2364.4321
25may2020,81,"NEW YORK-NEWARK, NY-NJ-PA",5600,19160373,37511,454528,195.77385,2372.2295
26may2020,82,"NEW YORK-NEWARK, NY-NJ-PA",5600,19160373,37582,455806,196.14441,2378.8994
27may2020,83,"NEW YORK-NEWARK, NY-NJ-PA",5600,19160373,37802,456768,197.2926,2383.9202
28may2020,84,"NEW YORK-NEWARK, NY-NJ-PA",5600,19160373,37904,459099,197.82497,2396.0859
29may2020,85,"NEW YORK-NEWARK, NY-NJ-PA",5600,19160373,38072,461185,198.70177,2406.9729
30may2020,86,"NEW YORK-NEWARK, NY-NJ-PA",5600,19160373,38240,462710,199.57858,2414.9321
31may2020,87,"NEW YORK-NEWARK, NY-NJ-PA",5600,19160373,38363,463942,200.22054,2421.3621
01jun2020,88,"NEW YORK-NEWARK, NY-NJ-PA",5600,19160373,38449,465043,200.66937,2427.1084
02jun2020,89,"NEW YORK-NEWARK, NY-NJ-PA",5600,19160373,38541,466431,201.14954,2434.3523
03jun2020,90,"NEW YORK-NEWARK, NY-NJ-PA",5600,19160373,38691,467565,201.93239,2440.2708
04jun2020,91,"NEW YORK-NEWARK, NY-NJ-PA",5600,19160373,38829,468711,202.65263,2446.252
05jun2020,92,"NEW YORK-NEWARK, NY-NJ-PA",5600,19160373,38905,470091,203.04929,2453.4543
06jun2020,93,"NEW YORK-NEWARK, NY-NJ-PA",5600,19160373,38995,471247,203.519,2459.4875
07jun2020,94,"NEW YORK-NEWARK, NY-NJ-PA",5600,19160373,39086,472033,203.99394,2463.5898
08jun2020,95,"NEW YORK-NEWARK, NY-NJ-PA",5600,19160373,39170,472888,204.43234,2468.0522
09jun2020,96,"NEW YORK-NEWARK, NY-NJ-PA",5600,19160373,39264,473590,204.92294,2471.7161
10jun2020,97,"NEW YORK-NEWARK, NY-NJ-PA",5600,19160373,39363,474559,205.43964,2476.7732
11jun2020,98,"NEW YORK-NEWARK, NY-NJ-PA",5600,19160373,39435,475426,205.81541,2481.2983
12jun2020,99,"NEW YORK-NEWARK, NY-NJ-PA",5600,19160373,39511,476317,206.21207,2485.9485
13jun2020,100,"NEW YORK-NEWARK, NY-NJ-PA",5600,19160373,39640,477347,206.88533,2491.3242
14jun2020,101,"NEW YORK-NEWARK, NY-NJ-PA",5600,19160373,39702,478033,207.20891,2494.9045
15jun2020,102,"NEW YORK-NEWARK, NY-NJ-PA",5600,19160373,39765,478685,207.53772,2498.3074
16jun2020,103,"NEW YORK-NEWARK, NY-NJ-PA",5600,19160373,39861,479377,208.03874,2501.9189
17jun2020,104,"NEW YORK-NEWARK, NY-NJ-PA",5600,19160373,39919,480044,208.34146,2505.4001
18jun2020,105,"NEW YORK-NEWARK, NY-NJ-PA",5600,19160373,39972,480727,208.61807,2508.9648
19jun2020,106,"NEW YORK-NEWARK, NY-NJ-PA",5600,19160373,40023,481493,208.88425,2512.9626
20jun2020,107,"NEW YORK-NEWARK, NY-NJ-PA",5600,19160373,40063,482228,209.093,2516.7986
21jun2020,108,"NEW YORK-NEWARK, NY-NJ-PA",5600,19160373,40115,482913,209.3644,2520.3738
22jun2020,109,"NEW YORK-NEWARK, NY-NJ-PA",5600,19160373,40171,483523,209.65668,2523.5574
23jun2020,110,"NEW YORK-NEWARK, NY-NJ-PA",5600,19160373,40236,484114,209.99591,2526.6418
24jun2020,111,"NEW YORK-NEWARK, NY-NJ-PA",5600,19160373,40300,484601,210.32994,2529.1836
25jun2020,112,"NEW YORK-NEWARK, NY-NJ-PA",5600,19160373,41931,484696,218.8423,2529.6794
26jun2020,113,"NEW YORK-NEWARK, NY-NJ-PA",5600,19160373,41984,485509,219.11891,2533.9226
27jun2020,114,"NEW YORK-NEWARK, NY-NJ-PA",5600,19160373,42034,486207,219.37987,2537.5654
28jun2020,115,"NEW YORK-NEWARK, NY-NJ-PA",5600,19160373,42079,486920,219.61472,2541.2866
29jun2020,116,"NEW YORK-NEWARK, NY-NJ-PA",5600,19160373,42119,487266,219.82349,2543.0925
30jun2020,117,"NEW YORK-NEWARK, NY-NJ-PA",5600,19160373,42110,487861,219.82349,2546.1978
01jul2020,118,"NEW YORK-NEWARK, NY-NJ-PA",5600,19160373,42154,488419,220.00615,2549.1101
02jul2020,119,"NEW YORK-NEWARK, NY-NJ-PA",5600,19160373,42190,489289,220.19405,2553.6506
03jul2020,120,"NEW YORK-NEWARK, NY-NJ-PA",5600,19160373,42252,490204,220.51762,2558.4263
04jul2020,121,"NEW YORK-NEWARK, NY-NJ-PA",5600,19160373,42285,490915,220.68987,2562.137
05jul2020,122,"NEW YORK-NEWARK, NY-NJ-PA",5600,19160373,42316,491536,220.85165,2565.3779
06jul2020,123,"NEW YORK-NEWARK, NY-NJ-PA",5600,19160373,42344,492023,220.99779,2567.9197
07jul2020,124,"NEW YORK-NEWARK, NY-NJ-PA",5600,19160373,42396,492583,221.26918,2570.8425
08jul2020,125,"NEW YORK-NEWARK, NY-NJ-PA",5600,19160373,42454,493157,221.57188,2573.8381
09jul2020,126,"NEW YORK-NEWARK, NY-NJ-PA",5600,19160373,42576,493703,222.20862,2576.6877
10jul2020,127,"NEW YORK-NEWARK, NY-NJ-PA",5600,19160373,42620,494501,222.43826,2580.8528
11jul2020,128,"NEW YORK-NEWARK, NY-NJ-PA",5600,19160373,42669,495195,222.694,2584.4749
12jul2020,129,"NEW YORK-NEWARK, NY-NJ-PA",5600,19160373,42682,495901,222.76184,2588.1594
13jul2020,130,"NEW YORK-NEWARK, NY-NJ-PA",5600,19160373,42721,496495,222.96539,2591.2595
14jul2020,131,"NEW YORK-NEWARK, NY-NJ-PA",5600,19160373,42745,497311,223.09065,2595.5183
15jul2020,132,"NEW YORK-NEWARK, NY-NJ-PA",5600,19160373,42799,498097,223.37248,2599.6206
16jul2020,133,"NEW YORK-NEWARK, NY-NJ-PA",5600,19160373,42832,498802,223.54471,2603.3
17jul2020,134,"NEW YORK-NEWARK, NY-NJ-PA",5600,19160373,42863,499364,223.7065,2606.2332
18jul2020,135,"NEW YORK-NEWARK, NY-NJ-PA",5600,19160373,42889,500019,223.84219,2609.6516
19jul2020,136,"NEW YORK-NEWARK, NY-NJ-PA",5600,19160373,42905,500342,223.9257,2611.3374
20jul2020,137,"NEW YORK-NEWARK, NY-NJ-PA",5600,19160373,42920,500906,224.00398,2614.281
21jul2020,138,"NEW YORK-NEWARK, NY-NJ-PA",5600,19160373,42948,501594,224.15013,2617.8718
22jul2020,139,"NEW YORK-NEWARK, NY-NJ-PA",5600,19160373,42922,502375,224.15013,2621.948
23jul2020,140,"NEW YORK-NEWARK, NY-NJ-PA",5600,19160373,42952,503113,224.17101,2625.7996
24jul2020,141,"NEW YORK-NEWARK, NY-NJ-PA",5600,19160373,42984,503916,224.33801,2629.9905
25jul2020,142,"NEW YORK-NEWARK, NY-NJ-PA",5600,19160373,43005,504705,224.44762,2634.1084
26jul2020,143,"NEW YORK-NEWARK, NY-NJ-PA",5600,19160373,43024,505385,224.54678,2637.6575
27jul2020,144,"NEW YORK-NEWARK, NY-NJ-PA",5600,19160373,43045,506113,224.65637,2641.457
28jul2020,145,"NEW YORK-NEWARK, NY-NJ-PA",5600,19160373,43069,506776,224.78163,2644.9172
29jul2020,146,"NEW YORK-NEWARK, NY-NJ-PA",5600,19160373,43038,507545,224.78163,2648.9307
30jul2020,147,"NEW YORK-NEWARK, NY-NJ-PA",5600,19160373,43054,508192,224.78163,2652.3074
31jul2020,148,"NEW YORK-NEWARK, NY-NJ-PA",5600,19160373,43065,509065,224.78163,2656.8638
01aug2020,149,"NEW YORK-NEWARK, NY-NJ-PA",5600,19160373,43077,509814,224.82339,2660.7729
02aug2020,150,"NEW YORK-NEWARK, NY-NJ-PA",5600,19160373,43086,510403,224.87036,2663.8469
03aug2020,151,"NEW YORK-NEWARK, NY-NJ-PA",5600,19160373,43093,510954,224.90689,2666.7227
04aug2020,152,"NEW YORK-NEWARK, NY-NJ-PA",5600,19160373,43106,511693,224.97475,2670.5796
05aug2020,153,"NEW YORK-NEWARK, NY-NJ-PA",5600,19160373,43099,512369,224.97475,2674.1077
06aug2020,154,"NEW YORK-NEWARK, NY-NJ-PA",5600,19160373,43110,513136,224.99562,2678.1106
07aug2020,155,"NEW YORK-NEWARK, NY-NJ-PA",5600,19160373,43113,513851,225.01128,2681.8423
08aug2020,156,"NEW YORK-NEWARK, NY-NJ-PA",5600,19160373,43136,514611,225.13132,2685.8088
09aug2020,157,"NEW YORK-NEWARK, NY-NJ-PA",5600,19160373,43141,515188,225.15741,2688.8203
10aug2020,158,"NEW YORK-NEWARK, NY-NJ-PA",5600,19160373,43152,515736,225.21483,2691.6804
11aug2020,159,"NEW YORK-NEWARK, NY-NJ-PA",5600,19160373,43167,516416,225.29311,2695.2292
12aug2020,160,"NEW YORK-NEWARK, NY-NJ-PA",5600,19160373,43164,517227,225.29311,2699.4622
13aug2020,161,"NEW YORK-NEWARK, NY-NJ-PA",5600,19160373,43175,518089,225.33485,2703.9609
14aug2020,162,"NEW YORK-NEWARK, NY-NJ-PA",5600,19160373,43184,518993,225.38184,2708.679
15aug2020,163,"NEW YORK-NEWARK, NY-NJ-PA",5600,19160373,43198,519874,225.4549,2713.2771
16aug2020,164,"NEW YORK-NEWARK, NY-NJ-PA",5600,19160373,43206,520550,225.49666,2716.8052
17aug2020,165,"NEW YORK-NEWARK, NY-NJ-PA",5600,19160373,43214,521087,225.53841,2719.6079
18aug2020,166,"NEW YORK-NEWARK, NY-NJ-PA",5600,19160373,43224,521822,225.59059,2723.4438
19aug2020,167,"NEW YORK-NEWARK, NY-NJ-PA",5600,19160373,43227,522481,225.60626,2726.8833
20aug2020,168,"NEW YORK-NEWARK, NY-NJ-PA",5600,19160373,43235,522949,225.64801,2729.3257
21aug2020,169,"NEW YORK-NEWARK, NY-NJ-PA",5600,19160373,43243,523576,225.68976,2732.5981
22aug2020,170,"NEW YORK-NEWARK, NY-NJ-PA",5600,19160373,43250,524298,225.72629,2736.3665
23aug2020,171,"NEW YORK-NEWARK, NY-NJ-PA",5600,19160373,43261,524886,225.78371,2739.4353
24aug2020,172,"NEW YORK-NEWARK, NY-NJ-PA",5600,19160373,43264,525351,225.79936,2741.8621
25aug2020,173,"NEW YORK-NEWARK, NY-NJ-PA",5600,19160373,43270,525970,225.83067,2745.0928
26aug2020,174,"NEW YORK-NEWARK, NY-NJ-PA",5600,19160373,43243,526589,225.83067,2748.3232
27aug2020,175,"NEW YORK-NEWARK, NY-NJ-PA",5600,19160373,43248,527257,225.83067,2751.8096
28aug2020,176,"NEW YORK-NEWARK, NY-NJ-PA",5600,19160373,43256,527871,225.83067,2755.0142
29aug2020,177,"NEW YORK-NEWARK, NY-NJ-PA",5600,19160373,43260,528550,225.83067,2758.5581
30aug2020,178,"NEW YORK-NEWARK, NY-NJ-PA",5600,19160373,43274,529184,225.85155,2761.8669
31aug2020,179,"NEW YORK-NEWARK, NY-NJ-PA",5600,19160373,43330,529890,226.14383,2765.5515
01sep2020,180,"NEW YORK-NEWARK, NY-NJ-PA",5600,19160373,43338,530675,226.18558,2769.6487
02sep2020,181,"NEW YORK-NEWARK, NY-NJ-PA",5600,19160373,43351,531376,226.25342,2773.3071
03sep2020,182,"NEW YORK-NEWARK, NY-NJ-PA",5600,19160373,43366,532156,226.33171,2777.3782
04sep2020,183,"NEW YORK-NEWARK, NY-NJ-PA",5600,19160373,43375,533052,226.37868,2782.0544
05sep2020,184,"NEW YORK-NEWARK, NY-NJ-PA",5600,19160373,43388,533834,226.44653,2786.1357
06sep2020,185,"NEW YORK-NEWARK, NY-NJ-PA",5600,19160373,43390,534544,226.45697,2789.8413
07sep2020,186,"NEW YORK-NEWARK, NY-NJ-PA",5600,19160373,43402,535100,226.51959,2792.7432
08sep2020,187,"NEW YORK-NEWARK, NY-NJ-PA",5600,19160373,43415,535671,226.58745,2795.7231
09sep2020,188,"NEW YORK-NEWARK, NY-NJ-PA",5600,19160373,43423,536286,226.6292,2798.9331
10sep2020,189,"NEW YORK-NEWARK, NY-NJ-PA",5600,19160373,43431,537093,226.67096,2803.1448
11sep2020,190,"NEW YORK-NEWARK, NY-NJ-PA",5600,19160373,43440,537946,226.71793,2807.5967
12sep2020,191,"NEW YORK-NEWARK, NY-NJ-PA",5600,19160373,43446,538790,226.74924,2812.0017
13sep2020,192,"NEW YORK-NEWARK, NY-NJ-PA",5600,19160373,43448,539443,226.75967,2815.4097
14sep2020,193,"NEW YORK-NEWARK, NY-NJ-PA",5600,19160373,43455,540078,226.7962,2818.7239
15sep2020,194,"NEW YORK-NEWARK, NY-NJ-PA",5600,19160373,43467,540870,226.85884,2822.8574
16sep2020,195,"NEW YORK-NEWARK, NY-NJ-PA",5600,19160373,43477,541584,226.91103,2826.5837
17sep2020,196,"NEW YORK-NEWARK, NY-NJ-PA",5600,19160373,43486,542552,226.95801,2831.636
18sep2020,197,"NEW YORK-NEWARK, NY-NJ-PA",5600,19160373,43502,543457,227.0415,2836.3591
19sep2020,198,"NEW YORK-NEWARK, NY-NJ-PA",5600,19160373,43502,544526,227.0415,2841.9385
20sep2020,199,"NEW YORK-NEWARK, NY-NJ-PA",5600,19160373,43510,545419,227.08327,2846.5991
21sep2020,200,"NEW YORK-NEWARK, NY-NJ-PA",5600,19160373,43512,546110,227.0937,2850.2056
22sep2020,201,"NEW YORK-NEWARK, NY-NJ-PA",5600,19160373,43517,547020,227.1198,2854.9548
23sep2020,202,"NEW YORK-NEWARK, NY-NJ-PA",5600,19160373,43520,547770,227.13545,2858.8691
24sep2020,203,"NEW YORK-NEWARK, NY-NJ-PA",5600,19160373,43534,548785,227.20853,2864.1665
25sep2020,204,"NEW YORK-NEWARK, NY-NJ-PA",5600,19160373,43541,549810,227.24506,2869.5161
26sep2020,205,"NEW YORK-NEWARK, NY-NJ-PA",5600,19160373,43547,551066,227.27637,2876.0713
27sep2020,206,"NEW YORK-NEWARK, NY-NJ-PA",5600,19160373,43553,552240,227.30768,2882.1985
05mar2020,0,"SACRAMENTO, CA",6920,2539369,1,4,.039379861,.15751944
06mar2020,1,"SACRAMENTO, CA",6920,2539369,1,8,.039379861,.31503889
07mar2020,2,"SACRAMENTO, CA",6920,2539369,1,8,.039379861,.31503889
08mar2020,3,"SACRAMENTO, CA",6920,2539369,1,8,.039379861,.31503889
09mar2020,4,"SACRAMENTO, CA",6920,2539369,1,10,.039379861,.39379862
10mar2020,5,"SACRAMENTO, CA",6920,2539369,1,18,.039379861,.70883751
11mar2020,6,"SACRAMENTO, CA",6920,2539369,2,19,.078759722,.74821734
12mar2020,7,"SACRAMENTO, CA",6920,2539369,2,25,.078759722,.98449653
13mar2020,8,"SACRAMENTO, CA",6920,2539369,2,22,.078759722,.86635697
14mar2020,9,"SACRAMENTO, CA",6920,2539369,1,38,.078759722,1.4964347
15mar2020,10,"SACRAMENTO, CA",6920,2539369,2,36,.078759722,1.417675
16mar2020,11,"SACRAMENTO, CA",6920,2539369,3,40,.11813959,1.5751945
17mar2020,12,"SACRAMENTO, CA",6920,2539369,3,49,.11813959,1.9296132
18mar2020,13,"SACRAMENTO, CA",6920,2539369,3,53,.11813959,2.0871327
19mar2020,14,"SACRAMENTO, CA",6920,2539369,4,59,.15751944,2.3234119
20mar2020,15,"SACRAMENTO, CA",6920,2539369,4,67,.15751944,2.6384506
21mar2020,16,"SACRAMENTO, CA",6920,2539369,4,68,.15751944,2.6778307
22mar2020,17,"SACRAMENTO, CA",6920,2539369,4,73,.15751944,2.8747299
23mar2020,18,"SACRAMENTO, CA",6920,2539369,6,111,.23627917,4.3711648
24mar2020,19,"SACRAMENTO, CA",6920,2539369,6,121,.23627917,4.7649632
25mar2020,20,"SACRAMENTO, CA",6920,2539369,7,156,.27565902,6.1432586
26mar2020,21,"SACRAMENTO, CA",6920,2539369,7,162,.27565902,6.3795376
27mar2020,22,"SACRAMENTO, CA",6920,2539369,8,221,.31503889,8.7029495
28mar2020,23,"SACRAMENTO, CA",6920,2539369,8,239,.31503889,9.411787
29mar2020,24,"SACRAMENTO, CA",6920,2539369,9,254,.35441875,10.002485
30mar2020,25,"SACRAMENTO, CA",6920,2539369,10,315,.39379862,12.404656
31mar2020,26,"SACRAMENTO, CA",6920,2539369,10,335,.39379862,13.192254
01apr2020,27,"SACRAMENTO, CA",6920,2539369,10,362,.39379862,14.25551
02apr2020,28,"SACRAMENTO, CA",6920,2539369,13,472,.51193821,18.587296
03apr2020,29,"SACRAMENTO, CA",6920,2539369,14,561,.55131805,22.092102
04apr2020,30,"SACRAMENTO, CA",6920,2539369,14,571,.55131805,22.485901
05apr2020,31,"SACRAMENTO, CA",6920,2539369,22,629,.86635697,24.769934
06apr2020,32,"SACRAMENTO, CA",6920,2539369,24,654,.9451167,25.754429
07apr2020,33,"SACRAMENTO, CA",6920,2539369,27,730,1.0632563,28.747299
08apr2020,34,"SACRAMENTO, CA",6920,2539369,30,813,1.1813959,32.015827
09apr2020,35,"SACRAMENTO, CA",6920,2539369,41,828,1.6145743,32.606525
10apr2020,36,"SACRAMENTO, CA",6920,2539369,33,929,1.6145743,36.583893
11apr2020,37,"SACRAMENTO, CA",6920,2539369,34,935,1.6145743,36.820171
12apr2020,38,"SACRAMENTO, CA",6920,2539369,36,1003,1.6145743,39.498001
13apr2020,39,"SACRAMENTO, CA",6920,2539369,38,1043,1.6145743,41.073196
14apr2020,40,"SACRAMENTO, CA",6920,2539369,40,1117,1.6145743,43.987305
15apr2020,41,"SACRAMENTO, CA",6920,2539369,46,1158,1.8114736,45.601879
16apr2020,42,"SACRAMENTO, CA",6920,2539369,50,1199,1.9689931,47.216454
17apr2020,43,"SACRAMENTO, CA",6920,2539369,50,1226,1.9689931,48.279709
18apr2020,44,"SACRAMENTO, CA",6920,2539369,52,1247,2.0477529,49.106686
19apr2020,45,"SACRAMENTO, CA",6920,2539369,53,1271,2.0871327,50.051804
20apr2020,46,"SACRAMENTO, CA",6920,2539369,54,1287,2.1265125,50.681881
21apr2020,47,"SACRAMENTO, CA",6920,2539369,56,1309,2.2052722,51.548241
22apr2020,48,"SACRAMENTO, CA",6920,2539369,57,1331,2.244652,52.414597
23apr2020,49,"SACRAMENTO, CA",6920,2539369,65,1374,2.559691,54.107929
24apr2020,50,"SACRAMENTO, CA",6920,2539369,66,1417,2.5990708,55.801266
25apr2020,51,"SACRAMENTO, CA",6920,2539369,66,1417,2.5990708,55.801266
26apr2020,52,"SACRAMENTO, CA",6920,2539369,66,1442,2.5990708,56.785759
27apr2020,53,"SACRAMENTO, CA",6920,2539369,67,1452,2.6384506,57.179558
28apr2020,54,"SACRAMENTO, CA",6920,2539369,68,1449,2.6778307,57.06142
29apr2020,55,"SACRAMENTO, CA",6920,2539369,69,1467,2.7172105,57.770256
30apr2020,56,"SACRAMENTO, CA",6920,2539369,70,1480,2.7565904,58.282196
01may2020,57,"SACRAMENTO, CA",6920,2539369,69,1506,2.7565904,59.306072
02may2020,58,"SACRAMENTO, CA",6920,2539369,69,1532,2.7565904,60.329948
03may2020,59,"SACRAMENTO, CA",6920,2539369,70,1544,2.7565904,60.802505
04may2020,60,"SACRAMENTO, CA",6920,2539369,77,1557,3.0322495,61.314445
05may2020,61,"SACRAMENTO, CA",6920,2539369,77,1569,3.0322495,61.787003
06may2020,62,"SACRAMENTO, CA",6920,2539369,78,1581,3.0716293,62.25956
07may2020,63,"SACRAMENTO, CA",6920,2539369,80,1594,3.150389,62.7715
08may2020,64,"SACRAMENTO, CA",6920,2539369,81,1602,3.1897688,63.08654
09may2020,65,"SACRAMENTO, CA",6920,2539369,81,1611,3.1897688,63.440956
10may2020,66,"SACRAMENTO, CA",6920,2539369,81,1615,3.1897688,63.598476
11may2020,67,"SACRAMENTO, CA",6920,2539369,81,1628,3.1897688,64.110413
12may2020,68,"SACRAMENTO, CA",6920,2539369,83,1645,3.2685285,64.779869
13may2020,69,"SACRAMENTO, CA",6920,2539369,84,1648,3.3079083,64.89801
14may2020,70,"SACRAMENTO, CA",6920,2539369,87,1672,3.426048,65.843132
15may2020,71,"SACRAMENTO, CA",6920,2539369,87,1693,3.426048,66.670105
16may2020,72,"SACRAMENTO, CA",6920,2539369,87,1705,3.426048,67.142662
17may2020,73,"SACRAMENTO, CA",6920,2539369,88,1723,3.4654279,67.851501
18may2020,74,"SACRAMENTO, CA",6920,2539369,89,1737,3.5048077,68.402817
19may2020,75,"SACRAMENTO, CA",6920,2539369,89,1747,3.5048077,68.796616
20may2020,76,"SACRAMENTO, CA",6920,2539369,89,1751,3.5048077,68.95414
21may2020,77,"SACRAMENTO, CA",6920,2539369,89,1762,3.5048077,69.387314
22may2020,78,"SACRAMENTO, CA",6920,2539369,90,1777,3.5441875,69.978012
23may2020,79,"SACRAMENTO, CA",6920,2539369,90,1806,3.5441875,71.120033
24may2020,80,"SACRAMENTO, CA",6920,2539369,90,1809,3.5441875,71.238167
25may2020,81,"SACRAMENTO, CA",6920,2539369,90,1827,3.5441875,71.947006
26may2020,82,"SACRAMENTO, CA",6920,2539369,90,1844,3.5441875,72.616463
27may2020,83,"SACRAMENTO, CA",6920,2539369,90,1863,3.5441875,73.364685
28may2020,84,"SACRAMENTO, CA",6920,2539369,91,1906,3.5835674,75.058014
29may2020,85,"SACRAMENTO, CA",6920,2539369,91,1934,3.5835674,76.160652
30may2020,86,"SACRAMENTO, CA",6920,2539369,92,1987,3.6229472,78.247787
31may2020,87,"SACRAMENTO, CA",6920,2539369,92,1992,3.6229472,78.444687
01jun2020,88,"SACRAMENTO, CA",6920,2539369,94,2029,3.7017069,79.901741
02jun2020,89,"SACRAMENTO, CA",6920,2539369,94,2052,3.7017069,80.80748
03jun2020,90,"SACRAMENTO, CA",6920,2539369,94,2089,3.7017069,82.264534
04jun2020,91,"SACRAMENTO, CA",6920,2539369,94,2142,3.7017069,84.351662
05jun2020,92,"SACRAMENTO, CA",6920,2539369,95,2184,3.741087,86.005615
06jun2020,93,"SACRAMENTO, CA",6920,2539369,95,2226,3.741087,87.659569
07jun2020,94,"SACRAMENTO, CA",6920,2539369,95,2267,3.741087,89.274147
08jun2020,95,"SACRAMENTO, CA",6920,2539369,97,2313,3.8198466,91.085617
09jun2020,96,"SACRAMENTO, CA",6920,2539369,97,2362,3.8198466,93.015236
10jun2020,97,"SACRAMENTO, CA",6920,2539369,98,2394,3.8592265,94.275391
11jun2020,98,"SACRAMENTO, CA",6920,2539369,99,2451,3.8986063,96.520042
12jun2020,99,"SACRAMENTO, CA",6920,2539369,99,2504,3.8986063,98.60717
13jun2020,100,"SACRAMENTO, CA",6920,2539369,115,2557,4.5286841,100.69431
14jun2020,101,"SACRAMENTO, CA",6920,2539369,115,2612,4.5286841,102.8602
15jun2020,102,"SACRAMENTO, CA",6920,2539369,100,2680,4.5286841,105.53803
16jun2020,103,"SACRAMENTO, CA",6920,2539369,100,2745,4.5286841,108.09772
17jun2020,104,"SACRAMENTO, CA",6920,2539369,104,2836,4.5286841,111.68129
18jun2020,105,"SACRAMENTO, CA",6920,2539369,104,2963,4.5286841,116.68253
19jun2020,106,"SACRAMENTO, CA",6920,2539369,104,3032,4.5286841,119.39974
20jun2020,107,"SACRAMENTO, CA",6920,2539369,104,3153,4.5286841,124.1647
21jun2020,108,"SACRAMENTO, CA",6920,2539369,104,3265,4.5286841,128.57524
22jun2020,109,"SACRAMENTO, CA",6920,2539369,104,3458,4.5286841,136.17557
23jun2020,110,"SACRAMENTO, CA",6920,2539369,104,3592,4.5286841,141.45247
24jun2020,111,"SACRAMENTO, CA",6920,2539369,104,3711,4.5286841,146.13867
25jun2020,112,"SACRAMENTO, CA",6920,2539369,104,3848,4.5286841,151.53371
26jun2020,113,"SACRAMENTO, CA",6920,2539369,105,4059,4.5286841,159.84286
27jun2020,114,"SACRAMENTO, CA",6920,2539369,105,4106,4.5286841,161.69371
28jun2020,115,"SACRAMENTO, CA",6920,2539369,105,4265,4.5286841,167.95511
29jun2020,116,"SACRAMENTO, CA",6920,2539369,107,4577,4.5286841,180.24162
30jun2020,117,"SACRAMENTO, CA",6920,2539369,107,4837,4.5286841,190.48039
01jul2020,118,"SACRAMENTO, CA",6920,2539369,107,5165,4.5286841,203.39699
02jul2020,119,"SACRAMENTO, CA",6920,2539369,108,5411,4.5286841,213.08443
03jul2020,120,"SACRAMENTO, CA",6920,2539369,108,5443,4.5286841,214.34459
04jul2020,121,"SACRAMENTO, CA",6920,2539369,109,6020,4.5286841,237.06677
05jul2020,122,"SACRAMENTO, CA",6920,2539369,110,6374,4.5286841,251.00723
06jul2020,123,"SACRAMENTO, CA",6920,2539369,111,6430,4.5286841,253.21251
07jul2020,124,"SACRAMENTO, CA",6920,2539369,118,6905,4.6468239,271.91794
08jul2020,125,"SACRAMENTO, CA",6920,2539369,124,7263,4.8831029,286.01593
09jul2020,126,"SACRAMENTO, CA",6920,2539369,124,7519,4.8831029,296.09717
10jul2020,127,"SACRAMENTO, CA",6920,2539369,125,7819,4.9224825,307.91113
11jul2020,128,"SACRAMENTO, CA",6920,2539369,127,8092,5.0012426,318.66183
12jul2020,129,"SACRAMENTO, CA",6920,2539369,129,8337,5.0800023,328.30991
13jul2020,130,"SACRAMENTO, CA",6920,2539369,129,8665,5.0800023,341.2265
14jul2020,131,"SACRAMENTO, CA",6920,2539369,138,9100,5.4344211,358.35675
15jul2020,132,"SACRAMENTO, CA",6920,2539369,140,9389,5.5131807,369.73752
16jul2020,133,"SACRAMENTO, CA",6920,2539369,142,9748,5.5919404,383.87488
17jul2020,134,"SACRAMENTO, CA",6920,2539369,144,9984,5.6707001,393.16855
18jul2020,135,"SACRAMENTO, CA",6920,2539369,145,10211,5.7100801,402.10776
19jul2020,136,"SACRAMENTO, CA",6920,2539369,146,10631,5.7494597,418.64731
20jul2020,137,"SACRAMENTO, CA",6920,2539369,148,11196,5.8282194,440.89694
21jul2020,138,"SACRAMENTO, CA",6920,2539369,150,11654,5.9069791,458.93292
22jul2020,139,"SACRAMENTO, CA",6920,2539369,151,12023,5.9463592,473.46408
23jul2020,140,"SACRAMENTO, CA",6920,2539369,156,12447,6.1432586,490.16113
24jul2020,141,"SACRAMENTO, CA",6920,2539369,161,12880,6.3401575,507.21262
25jul2020,142,"SACRAMENTO, CA",6920,2539369,162,12985,6.3795376,511.3475
26jul2020,143,"SACRAMENTO, CA",6920,2539369,167,13424,6.576437,528.63525
27jul2020,144,"SACRAMENTO, CA",6920,2539369,174,13669,6.8520961,538.28333
28jul2020,145,"SACRAMENTO, CA",6920,2539369,185,14239,7.2852745,560.72986
29jul2020,146,"SACRAMENTO, CA",6920,2539369,193,14542,7.6003132,572.66193
30jul2020,147,"SACRAMENTO, CA",6920,2539369,194,14765,7.6396933,581.44366
31jul2020,148,"SACRAMENTO, CA",6920,2539369,200,15063,7.8759723,593.17883
01aug2020,149,"SACRAMENTO, CA",6920,2539369,200,15118,7.8759723,595.34473
02aug2020,150,"SACRAMENTO, CA",6920,2539369,211,15444,8.3091507,608.18256
03aug2020,151,"SACRAMENTO, CA",6920,2539369,214,15555,8.42729,612.55377
04aug2020,152,"SACRAMENTO, CA",6920,2539369,219,15782,8.6241894,621.49298
05aug2020,153,"SACRAMENTO, CA",6920,2539369,220,15827,8.6635695,623.26508
06aug2020,154,"SACRAMENTO, CA",6920,2539369,228,16424,8.9786081,646.77484
07aug2020,155,"SACRAMENTO, CA",6920,2539369,228,16484,8.9786081,649.13763
08aug2020,156,"SACRAMENTO, CA",6920,2539369,236,16909,9.2936478,665.87408
09aug2020,157,"SACRAMENTO, CA",6920,2539369,236,16973,9.2936478,668.39441
10aug2020,158,"SACRAMENTO, CA",6920,2539369,256,18546,10.081244,730.33893
11aug2020,159,"SACRAMENTO, CA",6920,2539369,260,18902,10.238764,744.35815
12aug2020,160,"SACRAMENTO, CA",6920,2539369,261,19031,10.278144,749.43817
13aug2020,161,"SACRAMENTO, CA",6920,2539369,279,20142,10.986981,793.18915
14aug2020,162,"SACRAMENTO, CA",6920,2539369,285,20782,11.223261,818.39227
15aug2020,163,"SACRAMENTO, CA",6920,2539369,286,20821,11.26264,819.9281
16aug2020,164,"SACRAMENTO, CA",6920,2539369,286,20895,11.26264,822.84222
17aug2020,165,"SACRAMENTO, CA",6920,2539369,305,21719,12.010858,855.2912
18aug2020,166,"SACRAMENTO, CA",6920,2539369,306,22113,12.050238,870.80688
19aug2020,167,"SACRAMENTO, CA",6920,2539369,320,22425,12.601556,883.09338
20aug2020,168,"SACRAMENTO, CA",6920,2539369,320,22484,12.601556,885.41681
21aug2020,169,"SACRAMENTO, CA",6920,2539369,324,23042,12.759075,907.39075
22aug2020,170,"SACRAMENTO, CA",6920,2539369,325,23134,12.798455,911.01373
23aug2020,171,"SACRAMENTO, CA",6920,2539369,325,23465,12.798455,924.04846
24aug2020,172,"SACRAMENTO, CA",6920,2539369,338,24385,13.310393,960.27795
25aug2020,173,"SACRAMENTO, CA",6920,2539369,347,24798,13.664812,976.54181
26aug2020,174,"SACRAMENTO, CA",6920,2539369,355,24995,13.979851,984.29962
27aug2020,175,"SACRAMENTO, CA",6920,2539369,364,25227,14.33427,993.43579
28aug2020,176,"SACRAMENTO, CA",6920,2539369,375,25548,14.767448,1006.0767
29aug2020,177,"SACRAMENTO, CA",6920,2539369,375,25660,14.767448,1010.4872
30aug2020,178,"SACRAMENTO, CA",6920,2539369,376,26182,14.806828,1031.0436
31aug2020,179,"SACRAMENTO, CA",6920,2539369,396,26782,15.594425,1054.6715
01sep2020,180,"SACRAMENTO, CA",6920,2539369,396,26820,15.594425,1056.1678
02sep2020,181,"SACRAMENTO, CA",6920,2539369,408,27279,16.066984,1074.2433
03sep2020,182,"SACRAMENTO, CA",6920,2539369,422,27528,16.618301,1084.0488
04sep2020,183,"SACRAMENTO, CA",6920,2539369,433,27847,17.051479,1096.611
05sep2020,184,"SACRAMENTO, CA",6920,2539369,433,27951,17.051479,1100.7065
06sep2020,185,"SACRAMENTO, CA",6920,2539369,434,28124,17.09086,1107.5193
07sep2020,186,"SACRAMENTO, CA",6920,2539369,434,28341,17.09086,1116.0647
08sep2020,187,"SACRAMENTO, CA",6920,2539369,441,28718,17.36652,1130.9109
09sep2020,188,"SACRAMENTO, CA",6920,2539369,448,28929,17.642178,1139.22
10sep2020,189,"SACRAMENTO, CA",6920,2539369,457,29115,17.996597,1146.5447
11sep2020,190,"SACRAMENTO, CA",6920,2539369,456,29189,17.996597,1149.4587
12sep2020,191,"SACRAMENTO, CA",6920,2539369,461,29667,18.154116,1168.2823
13sep2020,192,"SACRAMENTO, CA",6920,2539369,461,29832,18.154116,1174.78
14sep2020,193,"SACRAMENTO, CA",6920,2539369,467,30105,18.390396,1185.5308
15sep2020,194,"SACRAMENTO, CA",6920,2539369,470,30338,18.508535,1194.7063
16sep2020,195,"SACRAMENTO, CA",6920,2539369,478,30494,18.823574,1200.8495
17sep2020,196,"SACRAMENTO, CA",6920,2539369,486,30850,19.138613,1214.8688
18sep2020,197,"SACRAMENTO, CA",6920,2539369,490,31111,19.296133,1225.1469
19sep2020,198,"SACRAMENTO, CA",6920,2539369,491,31163,19.335512,1227.1946
20sep2020,199,"SACRAMENTO, CA",6920,2539369,491,31338,19.335512,1234.0861
21sep2020,200,"SACRAMENTO, CA",6920,2539369,499,31703,19.650551,1248.4597
22sep2020,201,"SACRAMENTO, CA",6920,2539369,500,31783,19.68993,1251.6101
23sep2020,202,"SACRAMENTO, CA",6920,2539369,512,31993,20.162489,1259.8799
24sep2020,203,"SACRAMENTO, CA",6920,2539369,520,32102,20.477528,1264.1724
25sep2020,204,"SACRAMENTO, CA",6920,2539369,523,32294,20.595667,1271.7333
26sep2020,205,"SACRAMENTO, CA",6920,2539369,528,32512,20.792566,1280.3181
27sep2020,206,"SACRAMENTO, CA",6920,2539369,528,32634,20.792566,1285.1224
